test_case,additional_coverage
"RegressionTest2::test1271",59
"RegressionTest3::test1737",42
"RegressionTest3::test1760",40
"RegressionTest0::test0088",30
"RegressionTest1::test0742",19
"RegressionTest3::test1776",16
"RegressionTest3::test1810",16
"RegressionTest3::test1816",15
"RegressionTest3::test1787",11
"RegressionTest3::test1985",11
"RegressionTest3::test1676",8
"RegressionTest1::test0695",8
"RegressionTest1::test0919",8
"RegressionTest3::test1860",5
"RegressionTest3::test1567",4
"RegressionTest3::test1763",4
"ArrayUtilsTest::testIsEmptyPrimitives",4
"RegressionTest3::test1945",3
"ArrayUtilsAddTest::testLANG571",2
"RegressionTest3::test1734",2
"ArrayUtilsTest::testLastIndexOf",2
"ArrayUtilsAddTest::testJira567",1
"ArrayUtilsRemoveTest::testRemoveElementIntArray",1
"RegressionTest3::test1506",1
"RegressionTest3::test1521",1
"RegressionTest3::test1526",1
"RegressionTest3::test1528",1
"RegressionTest3::test1597",1
"ArrayUtilsTest::testToPrimitive_long",1
"RegressionTest1::test0962",0
"RegressionTest3::test1924",0
"RegressionTest3::test1621",0
"RegressionTest3::test1844",0
"RegressionTest3::test1848",0
"RegressionTest2::test1085",0
"RegressionTest3::test1637",0
"RegressionTest2::test1168",0
"RegressionTest2::test1111",0
"RegressionTest3::test1549",0
"RegressionTest3::test1977",0
"RegressionTest1::test0846",0
"RegressionTest2::test1279",0
"RegressionTest2::test1327",0
"RegressionTest2::test1500",0
"RegressionTest1::test0857",0
"RegressionTest2::test1379",0
"RegressionTest3::test1955",0
"RegressionTest1::test0876",0
"RegressionTest2::test1487",0
"RegressionTest3::test1922",0
"RegressionTest2::test1190",0
"RegressionTest3::test1840",0
"RegressionTest3::test1704",0
"RegressionTest2::test1396",0
"RegressionTest1::test0902",0
"RegressionTest2::test1215",0
"RegressionTest3::test1669",0
"RegressionTest3::test1690",0
"RegressionTest1::test0887",0
"RegressionTest2::test1069",0
"RegressionTest2::test1412",0
"RegressionTest0::test0498",0
"RegressionTest3::test1736",0
"RegressionTest3::test1748",0
"RegressionTest3::test1837",0
"RegressionTest1::test0597",0
"RegressionTest2::test1049",0
"RegressionTest2::test1054",0
"RegressionTest2::test1278",0
"RegressionTest3::test1740",0
"RegressionTest3::test1779",0
"RegressionTest3::test1916",0
"RegressionTest1::test0562",0
"RegressionTest1::test0676",0
"RegressionTest1::test0883",0
"RegressionTest1::test0892",0
"RegressionTest2::test1125",0
"RegressionTest2::test1263",0
"RegressionTest0::test0247",0
"RegressionTest0::test0408",0
"RegressionTest3::test1510",0
"RegressionTest3::test1583",0
"RegressionTest3::test1604",0
"RegressionTest3::test1807",0
"RegressionTest3::test1832",0
"RegressionTest3::test1879",0
"RegressionTest3::test1928",0
"RegressionTest1::test0769",0
"RegressionTest1::test0928",0
"RegressionTest2::test1234",0
"RegressionTest2::test1247",0
"RegressionTest2::test1329",0
"RegressionTest2::test1443",0
"RegressionTest0::test0436",0
"RegressionTest3::test1548",0
"RegressionTest3::test1579",0
"RegressionTest3::test1585",0
"RegressionTest3::test1947",0
"RegressionTest1::test0792",0
"RegressionTest1::test0865",0
"RegressionTest1::test0900",0
"RegressionTest1::test0925",0
"RegressionTest2::test1030",0
"RegressionTest2::test1046",0
"RegressionTest2::test1115",0
"RegressionTest2::test1207",0
"RegressionTest2::test1241",0
"RegressionTest2::test1254",0
"RegressionTest3::test1555",0
"RegressionTest1::test0735",0
"RegressionTest2::test1065",0
"RegressionTest2::test1149",0
"RegressionTest2::test1413",0
"RegressionTest2::test1480",0
"RegressionTest2::test1495",0
"RegressionTest3::test1700",0
"RegressionTest3::test1728",0
"RegressionTest3::test1898",0
"RegressionTest3::test1920",0
"RegressionTest1::test0922",0
"RegressionTest2::test1061",0
"RegressionTest2::test1118",0
"RegressionTest2::test1290",0
"RegressionTest3::test1608",0
"RegressionTest3::test1680",0
"RegressionTest3::test1764",0
"RegressionTest3::test1900",0
"RegressionTest3::test1906",0
"RegressionTest3::test1949",0
"RegressionTest1::test0596",0
"RegressionTest1::test0642",0
"RegressionTest1::test0643",0
"RegressionTest1::test0793",0
"RegressionTest1::test0815",0
"RegressionTest1::test0910",0
"RegressionTest1::test0980",0
"RegressionTest1::test0995",0
"RegressionTest2::test1042",0
"RegressionTest2::test1107",0
"RegressionTest2::test1166",0
"RegressionTest2::test1331",0
"RegressionTest2::test1380",0
"RegressionTest2::test1387",0
"RegressionTest2::test1420",0
"RegressionTest0::test0500",0
"RegressionTest3::test1572",0
"RegressionTest3::test1655",0
"RegressionTest3::test1753",0
"RegressionTest3::test1971",0
"RegressionTest1::test0532",0
"RegressionTest1::test0570",0
"RegressionTest1::test0639",0
"RegressionTest1::test0744",0
"RegressionTest1::test0814",0
"RegressionTest1::test0895",0
"RegressionTest2::test1165",0
"RegressionTest2::test1388",0
"RegressionTest2::test1470",0
"RegressionTest0::test0320",0
"RegressionTest0::test0466",0
"RegressionTest3::test1586",0
"RegressionTest3::test1654",0
"RegressionTest3::test1670",0
"RegressionTest3::test1712",0
"RegressionTest3::test1723",0
"RegressionTest3::test1756",0
"RegressionTest3::test1759",0
"RegressionTest3::test1818",0
"RegressionTest3::test1983",0
"RegressionTest3::test1984",0
"RegressionTest1::test0617",0
"RegressionTest1::test0686",0
"RegressionTest2::test1019",0
"RegressionTest2::test1185",0
"RegressionTest2::test1217",0
"RegressionTest2::test1251",0
"RegressionTest2::test1261",0
"RegressionTest2::test1285",0
"RegressionTest2::test1339",0
"RegressionTest2::test1375",0
"RegressionTest2::test1377",0
"RegressionTest2::test1423",0
"RegressionTest2::test1456",0
"RegressionTest2::test1485",0
"RegressionTest0::test0254",0
"RegressionTest0::test0423",0
"RegressionTest0::test0446",0
"ArrayUtilsAddTest::testAddObjectArrayToObjectArray",0
"RegressionTest3::test1508",0
"RegressionTest3::test1513",0
"RegressionTest3::test1520",0
"RegressionTest3::test1570",0
"RegressionTest3::test1571",0
"RegressionTest3::test1601",0
"RegressionTest3::test1652",0
"RegressionTest3::test1678",0
"RegressionTest3::test1701",0
"RegressionTest3::test1705",0
"RegressionTest3::test1845",0
"RegressionTest3::test1960",0
"RegressionTest3::test1975",0
"RegressionTest3::test2000",0
"RegressionTest1::test0574",0
"RegressionTest1::test0855",0
"RegressionTest1::test0914",0
"RegressionTest1::test0932",0
"RegressionTest1::test0948",0
"RegressionTest2::test1077",0
"RegressionTest2::test1114",0
"RegressionTest2::test1131",0
"RegressionTest2::test1146",0
"RegressionTest2::test1242",0
"RegressionTest2::test1442",0
"RegressionTest2::test1447",0
"RegressionTest2::test1479",0
"RegressionTest0::test0157",0
"RegressionTest0::test0184",0
"RegressionTest0::test0310",0
"RegressionTest0::test0399",0
"RegressionTest3::test1504",0
"RegressionTest3::test1814",0
"RegressionTest3::test1834",0
"RegressionTest3::test1856",0
"RegressionTest3::test1874",0
"RegressionTest3::test1886",0
"RegressionTest1::test0558",0
"RegressionTest1::test0587",0
"RegressionTest1::test0691",0
"RegressionTest1::test0693",0
"RegressionTest1::test0713",0
"RegressionTest1::test0821",0
"RegressionTest1::test0927",0
"RegressionTest1::test0942",0
"RegressionTest2::test1022",0
"RegressionTest2::test1103",0
"RegressionTest2::test1135",0
"RegressionTest2::test1202",0
"RegressionTest2::test1277",0
"RegressionTest2::test1405",0
"RegressionTest0::test0360",0
"RegressionTest0::test0439",0
"RegressionTest3::test1568",0
"RegressionTest3::test1577",0
"RegressionTest3::test1614",0
"RegressionTest3::test1819",0
"RegressionTest3::test1969",0
"RegressionTest1::test0653",0
"RegressionTest1::test0790",0
"RegressionTest1::test0881",0
"RegressionTest1::test0945",0
"RegressionTest2::test1140",0
"RegressionTest2::test1147",0
"RegressionTest2::test1150",0
"RegressionTest2::test1157",0
"RegressionTest2::test1228",0
"RegressionTest2::test1231",0
"RegressionTest2::test1274",0
"RegressionTest2::test1348",0
"RegressionTest2::test1351",0
"RegressionTest2::test1398",0
"RegressionTest2::test1427",0
"RegressionTest2::test1460",0
"RegressionTest2::test1478",0
"RegressionTest0::test0326",0
"RegressionTest0::test0335",0
"RegressionTest0::test0445",0
"RegressionTest3::test1505",0
"RegressionTest3::test1626",0
"RegressionTest3::test1803",0
"RegressionTest3::test1804",0
"RegressionTest3::test1852",0
"RegressionTest3::test1858",0
"RegressionTest3::test1872",0
"RegressionTest3::test1905",0
"RegressionTest3::test1927",0
"RegressionTest3::test1959",0
"RegressionTest3::test1979",0
"RegressionTest3::test1997",0
"RegressionTest1::test0506",0
"RegressionTest1::test0555",0
"RegressionTest1::test0856",0
"RegressionTest1::test0888",0
"RegressionTest1::test0944",0
"RegressionTest2::test1009",0
"RegressionTest2::test1018",0
"RegressionTest2::test1024",0
"RegressionTest2::test1244",0
"RegressionTest2::test1253",0
"RegressionTest2::test1300",0
"RegressionTest2::test1309",0
"RegressionTest2::test1335",0
"RegressionTest2::test1404",0
"RegressionTest2::test1409",0
"RegressionTest2::test1463",0
"RegressionTest2::test1468",0
"RegressionTest2::test1490",0
"RegressionTest0::test0379",0
"RegressionTest0::test0482",0
"RegressionTest3::test1592",0
"RegressionTest3::test1631",0
"RegressionTest3::test1639",0
"RegressionTest3::test1665",0
"RegressionTest3::test1684",0
"RegressionTest3::test1685",0
"RegressionTest3::test1751",0
"RegressionTest3::test1754",0
"RegressionTest3::test1758",0
"RegressionTest3::test1799",0
"RegressionTest3::test1998",0
"RegressionTest1::test0592",0
"RegressionTest1::test0630",0
"RegressionTest1::test0636",0
"RegressionTest1::test0647",0
"RegressionTest1::test0711",0
"RegressionTest1::test0728",0
"RegressionTest1::test0767",0
"RegressionTest1::test0787",0
"RegressionTest1::test0835",0
"RegressionTest1::test0862",0
"RegressionTest1::test0866",0
"RegressionTest1::test0886",0
"RegressionTest2::test1028",0
"RegressionTest2::test1132",0
"RegressionTest2::test1213",0
"RegressionTest2::test1321",0
"RegressionTest2::test1349",0
"RegressionTest2::test1397",0
"RegressionTest2::test1441",0
"RegressionTest2::test1446",0
"RegressionTest2::test1461",0
"RegressionTest0::test0158",0
"RegressionTest0::test0352",0
"RegressionTest0::test0374",0
"RegressionTest0::test0434",0
"RegressionTest0::test0488",0
"RegressionTest3::test1609",0
"RegressionTest3::test1613",0
"RegressionTest3::test1620",0
"RegressionTest3::test1666",0
"RegressionTest3::test1749",0
"RegressionTest3::test1825",0
"RegressionTest3::test1841",0
"RegressionTest3::test1864",0
"RegressionTest3::test1931",0
"RegressionTest3::test1944",0
"RegressionTest1::test0524",0
"RegressionTest1::test0584",0
"RegressionTest1::test0614",0
"RegressionTest1::test0701",0
"RegressionTest1::test0754",0
"RegressionTest1::test0757",0
"RegressionTest1::test0799",0
"RegressionTest1::test0802",0
"RegressionTest1::test0840",0
"RegressionTest1::test0965",0
"RegressionTest2::test1027",0
"RegressionTest2::test1152",0
"RegressionTest2::test1206",0
"RegressionTest2::test1209",0
"RegressionTest2::test1232",0
"RegressionTest2::test1318",0
"RegressionTest2::test1323",0
"RegressionTest2::test1357",0
"RegressionTest2::test1391",0
"RegressionTest2::test1414",0
"RegressionTest2::test1421",0
"RegressionTest2::test1422",0
"RegressionTest2::test1429",0
"RegressionTest2::test1473",0
"RegressionTest0::test0074",0
"RegressionTest0::test0141",0
"RegressionTest0::test0404",0
"RegressionTest3::test1501",0
"RegressionTest3::test1533",0
"RegressionTest3::test1591",0
"RegressionTest3::test1640",0
"RegressionTest3::test1692",0
"RegressionTest3::test1731",0
"RegressionTest3::test1738",0
"RegressionTest3::test1747",0
"RegressionTest3::test1774",0
"RegressionTest3::test1782",0
"RegressionTest3::test1800",0
"RegressionTest3::test1824",0
"RegressionTest3::test1826",0
"RegressionTest3::test1843",0
"RegressionTest3::test1888",0
"RegressionTest3::test1904",0
"RegressionTest3::test1978",0
"RegressionTest3::test1999",0
"RegressionTest1::test0554",0
"RegressionTest1::test0603",0
"RegressionTest1::test0681",0
"RegressionTest1::test0685",0
"RegressionTest1::test0731",0
"RegressionTest1::test0746",0
"RegressionTest1::test0762",0
"RegressionTest1::test0794",0
"RegressionTest1::test0809",0
"RegressionTest1::test0836",0
"RegressionTest1::test0852",0
"RegressionTest1::test0875",0
"RegressionTest1::test0975",0
"RegressionTest2::test1037",0
"RegressionTest2::test1041",0
"RegressionTest2::test1058",0
"RegressionTest2::test1072",0
"RegressionTest2::test1095",0
"RegressionTest2::test1142",0
"RegressionTest2::test1187",0
"RegressionTest2::test1191",0
"RegressionTest2::test1211",0
"RegressionTest2::test1282",0
"RegressionTest2::test1317",0
"RegressionTest2::test1408",0
"RegressionTest2::test1416",0
"RegressionTest2::test1431",0
"RegressionTest2::test1436",0
"RegressionTest2::test1450",0
"RegressionTest2::test1459",0
"RegressionTest2::test1472",0
"RegressionTest2::test1488",0
"RegressionTest2::test1493",0
"RegressionTest0::test0144",0
"RegressionTest0::test0259",0
"RegressionTest0::test0289",0
"RegressionTest0::test0336",0
"RegressionTest0::test0448",0
"RegressionTest0::test0474",0
"RegressionTest0::test0479",0
"RegressionTest3::test1514",0
"RegressionTest3::test1606",0
"RegressionTest3::test1615",0
"RegressionTest3::test1618",0
"RegressionTest3::test1634",0
"RegressionTest3::test1667",0
"RegressionTest3::test1715",0
"RegressionTest3::test1719",0
"RegressionTest3::test1722",0
"RegressionTest3::test1752",0
"RegressionTest3::test1769",0
"RegressionTest3::test1777",0
"RegressionTest3::test1784",0
"RegressionTest3::test1853",0
"RegressionTest3::test1873",0
"RegressionTest3::test1930",0
"RegressionTest3::test1967",0
"RegressionTest1::test0552",0
"RegressionTest1::test0609",0
"RegressionTest1::test0738",0
"RegressionTest1::test0756",0
"RegressionTest1::test0759",0
"RegressionTest1::test0775",0
"RegressionTest1::test0777",0
"RegressionTest1::test0938",0
"RegressionTest1::test0959",0
"RegressionTest1::test0964",0
"RegressionTest1::test0991",0
"RegressionTest2::test1035",0
"RegressionTest2::test1053",0
"RegressionTest2::test1080",0
"RegressionTest2::test1175",0
"RegressionTest2::test1260",0
"RegressionTest2::test1264",0
"RegressionTest2::test1291",0
"RegressionTest2::test1330",0
"RegressionTest2::test1336",0
"RegressionTest2::test1346",0
"RegressionTest2::test1367",0
"RegressionTest2::test1369",0
"RegressionTest2::test1440",0
"RegressionTest2::test1444",0
"RegressionTest2::test1464",0
"RegressionTest2::test1497",0
"RegressionTest0::test0242",0
"RegressionTest0::test0390",0
"RegressionTest0::test0427",0
"RegressionTest0::test0453",0
"RegressionTest3::test1545",0
"RegressionTest3::test1550",0
"RegressionTest3::test1602",0
"RegressionTest3::test1653",0
"RegressionTest3::test1733",0
"RegressionTest3::test1755",0
"RegressionTest3::test1829",0
"RegressionTest3::test1910",0
"RegressionTest3::test1968",0
"RegressionTest1::test0619",0
"RegressionTest1::test0628",0
"RegressionTest1::test0763",0
"RegressionTest1::test0819",0
"RegressionTest1::test0838",0
"RegressionTest1::test0867",0
"RegressionTest1::test0877",0
"RegressionTest1::test0884",0
"RegressionTest1::test0935",0
"RegressionTest1::test0990",0
"RegressionTest2::test1003",0
"RegressionTest2::test1008",0
"RegressionTest2::test1011",0
"RegressionTest2::test1012",0
"RegressionTest2::test1047",0
"RegressionTest2::test1063",0
"RegressionTest2::test1081",0
"RegressionTest2::test1113",0
"RegressionTest2::test1176",0
"RegressionTest2::test1188",0
"RegressionTest2::test1196",0
"RegressionTest2::test1222",0
"RegressionTest2::test1243",0
"RegressionTest2::test1305",0
"RegressionTest2::test1338",0
"RegressionTest2::test1366",0
"RegressionTest2::test1494",0
"RegressionTest0::test0070",0
"RegressionTest0::test0177",0
"RegressionTest0::test0215",0
"RegressionTest0::test0272",0
"RegressionTest0::test0313",0
"RegressionTest0::test0330",0
"RegressionTest0::test0339",0
"RegressionTest0::test0363",0
"RegressionTest0::test0396",0
"RegressionTest0::test0432",0
"RegressionTest0::test0458",0
"RegressionTest0::test0497",0
"RegressionTest3::test1537",0
"RegressionTest3::test1561",0
"RegressionTest3::test1629",0
"RegressionTest3::test1658",0
"RegressionTest3::test1681",0
"RegressionTest3::test1688",0
"RegressionTest3::test1714",0
"RegressionTest3::test1717",0
"RegressionTest3::test1772",0
"RegressionTest3::test1788",0
"RegressionTest3::test1805",0
"RegressionTest3::test1831",0
"RegressionTest3::test1881",0
"RegressionTest3::test1935",0
"RegressionTest3::test1938",0
"RegressionTest3::test1948",0
"RegressionTest1::test0543",0
"RegressionTest1::test0700",0
"RegressionTest1::test0720",0
"RegressionTest1::test0730",0
"RegressionTest1::test0781",0
"RegressionTest1::test0791",0
"RegressionTest1::test0827",0
"RegressionTest1::test0854",0
"RegressionTest1::test0858",0
"RegressionTest1::test0880",0
"RegressionTest1::test0897",0
"RegressionTest1::test0903",0
"RegressionTest1::test0911",0
"RegressionTest1::test0933",0
"RegressionTest1::test0970",0
"RegressionTest2::test1001",0
"RegressionTest2::test1038",0
"RegressionTest2::test1064",0
"RegressionTest2::test1123",0
"RegressionTest2::test1145",0
"RegressionTest2::test1240",0
"RegressionTest2::test1272",0
"RegressionTest2::test1306",0
"RegressionTest2::test1361",0
"RegressionTest2::test1363",0
"RegressionTest2::test1365",0
"RegressionTest2::test1454",0
"RegressionTest2::test1458",0
"RegressionTest2::test1491",0
"RegressionTest0::test0055",0
"RegressionTest0::test0081",0
"RegressionTest0::test0116",0
"RegressionTest0::test0162",0
"RegressionTest0::test0256",0
"RegressionTest0::test0266",0
"RegressionTest0::test0302",0
"RegressionTest0::test0346",0
"RegressionTest0::test0405",0
"RegressionTest0::test0410",0
"RegressionTest0::test0431",0
"RegressionTest0::test0450",0
"RegressionTest0::test0494",0
"RegressionTest3::test1525",0
"RegressionTest3::test1530",0
"RegressionTest3::test1538",0
"RegressionTest3::test1542",0
"RegressionTest3::test1574",0
"RegressionTest3::test1575",0
"RegressionTest3::test1578",0
"RegressionTest3::test1616",0
"RegressionTest3::test1636",0
"RegressionTest3::test1661",0
"RegressionTest3::test1663",0
"RegressionTest3::test1691",0
"RegressionTest3::test1727",0
"RegressionTest3::test1732",0
"RegressionTest3::test1833",0
"RegressionTest3::test1836",0
"RegressionTest3::test1868",0
"RegressionTest3::test1891",0
"RegressionTest3::test1892",0
"RegressionTest3::test1921",0
"RegressionTest3::test1937",0
"RegressionTest3::test1970",0
"RegressionTest1::test0513",0
"RegressionTest1::test0521",0
"RegressionTest1::test0563",0
"RegressionTest1::test0601",0
"RegressionTest1::test0618",0
"RegressionTest1::test0663",0
"RegressionTest1::test0679",0
"RegressionTest1::test0690",0
"RegressionTest1::test0705",0
"RegressionTest1::test0712",0
"RegressionTest1::test0770",0
"RegressionTest1::test0771",0
"RegressionTest1::test0776",0
"RegressionTest1::test0780",0
"RegressionTest1::test0782",0
"RegressionTest1::test0783",0
"RegressionTest1::test0841",0
"RegressionTest1::test0845",0
"RegressionTest1::test0916",0
"RegressionTest1::test0967",0
"RegressionTest2::test1039",0
"RegressionTest2::test1078",0
"RegressionTest2::test1096",0
"RegressionTest2::test1099",0
"RegressionTest2::test1102",0
"RegressionTest2::test1106",0
"RegressionTest2::test1112",0
"RegressionTest2::test1143",0
"RegressionTest2::test1158",0
"RegressionTest2::test1216",0
"RegressionTest2::test1224",0
"RegressionTest2::test1239",0
"RegressionTest2::test1245",0
"RegressionTest2::test1266",0
"RegressionTest2::test1298",0
"RegressionTest2::test1314",0
"RegressionTest2::test1333",0
"RegressionTest2::test1393",0
"RegressionTest2::test1425",0
"RegressionTest2::test1428",0
"RegressionTest2::test1430",0
"RegressionTest2::test1484",0
"RegressionTest0::test0174",0
"RegressionTest0::test0179",0
"RegressionTest0::test0203",0
"RegressionTest0::test0315",0
"RegressionTest0::test0318",0
"RegressionTest0::test0323",0
"RegressionTest0::test0400",0
"RegressionTest0::test0454",0
"RegressionTest0::test0457",0
"RegressionTest0::test0462",0
"RegressionTest0::test0481",0
"RegressionTest0::test0486",0
"RegressionTest0::test0499",0
"RegressionTest3::test1516",0
"RegressionTest3::test1535",0
"RegressionTest3::test1576",0
"RegressionTest3::test1589",0
"RegressionTest3::test1603",0
"RegressionTest3::test1651",0
"RegressionTest3::test1657",0
"RegressionTest3::test1683",0
"RegressionTest3::test1693",0
"RegressionTest3::test1694",0
"RegressionTest3::test1773",0
"RegressionTest3::test1796",0
"RegressionTest3::test1801",0
"RegressionTest3::test1884",0
"RegressionTest3::test1925",0
"RegressionTest3::test1957",0
"RegressionTest3::test1994",0
"RegressionTest3::test1996",0
"RegressionTest1::test0502",0
"RegressionTest1::test0566",0
"RegressionTest1::test0586",0
"RegressionTest1::test0605",0
"RegressionTest1::test0606",0
"RegressionTest1::test0613",0
"RegressionTest1::test0644",0
"RegressionTest1::test0651",0
"RegressionTest1::test0703",0
"RegressionTest1::test0725",0
"RegressionTest1::test0755",0
"RegressionTest1::test0779",0
"RegressionTest1::test0822",0
"RegressionTest1::test0843",0
"RegressionTest1::test0899",0
"RegressionTest1::test0930",0
"RegressionTest1::test0983",0
"RegressionTest2::test1017",0
"RegressionTest2::test1020",0
"RegressionTest2::test1021",0
"RegressionTest2::test1025",0
"RegressionTest2::test1051",0
"RegressionTest2::test1089",0
"RegressionTest2::test1151",0
"RegressionTest2::test1160",0
"RegressionTest2::test1172",0
"RegressionTest2::test1186",0
"RegressionTest2::test1201",0
"RegressionTest2::test1210",0
"RegressionTest2::test1229",0
"RegressionTest2::test1235",0
"RegressionTest2::test1248",0
"RegressionTest2::test1265",0
"RegressionTest2::test1275",0
"RegressionTest2::test1312",0
"RegressionTest2::test1332",0
"RegressionTest2::test1370",0
"RegressionTest2::test1406",0
"RegressionTest2::test1469",0
"RegressionTest2::test1489",0
"RegressionTest0::test0040",0
"RegressionTest0::test0102",0
"RegressionTest0::test0112",0
"RegressionTest0::test0142",0
"RegressionTest0::test0147",0
"RegressionTest0::test0185",0
"RegressionTest0::test0219",0
"RegressionTest0::test0253",0
"RegressionTest0::test0317",0
"RegressionTest0::test0332",0
"RegressionTest0::test0355",0
"RegressionTest0::test0359",0
"RegressionTest0::test0371",0
"RegressionTest0::test0403",0
"RegressionTest0::test0452",0
"RegressionTest0::test0496",0
"RegressionTest3::test1507",0
"RegressionTest3::test1518",0
"RegressionTest3::test1523",0
"RegressionTest3::test1547",0
"RegressionTest3::test1560",0
"RegressionTest3::test1580",0
"RegressionTest3::test1588",0
"RegressionTest3::test1623",0
"RegressionTest3::test1642",0
"RegressionTest3::test1739",0
"RegressionTest3::test1742",0
"RegressionTest3::test1762",0
"RegressionTest3::test1789",0
"RegressionTest3::test1794",0
"RegressionTest3::test1797",0
"RegressionTest3::test1821",0
"RegressionTest3::test1827",0
"RegressionTest3::test1835",0
"RegressionTest3::test1838",0
"RegressionTest3::test1847",0
"RegressionTest3::test1895",0
"RegressionTest3::test1901",0
"RegressionTest3::test1917",0
"RegressionTest3::test1923",0
"RegressionTest3::test1939",0
"RegressionTest3::test1941",0
"RegressionTest3::test1995",0
"RegressionTest1::test0517",0
"RegressionTest1::test0548",0
"RegressionTest1::test0577",0
"RegressionTest1::test0624",0
"RegressionTest1::test0626",0
"RegressionTest1::test0682",0
"RegressionTest1::test0724",0
"RegressionTest1::test0736",0
"RegressionTest1::test0761",0
"RegressionTest1::test0820",0
"RegressionTest1::test0849",0
"RegressionTest1::test0878",0
"RegressionTest1::test0882",0
"RegressionTest1::test0986",0
"RegressionTest1::test0997",0
"RegressionTest2::test1004",0
"RegressionTest2::test1067",0
"RegressionTest2::test1086",0
"RegressionTest2::test1094",0
"RegressionTest2::test1108",0
"RegressionTest2::test1110",0
"RegressionTest2::test1130",0
"RegressionTest2::test1161",0
"RegressionTest2::test1193",0
"RegressionTest2::test1203",0
"RegressionTest2::test1214",0
"RegressionTest2::test1226",0
"RegressionTest2::test1227",0
"RegressionTest2::test1304",0
"RegressionTest2::test1347",0
"RegressionTest2::test1358",0
"RegressionTest2::test1415",0
"RegressionTest2::test1418",0
"RegressionTest2::test1453",0
"RegressionTest0::test0077",0
"RegressionTest0::test0085",0
"RegressionTest0::test0117",0
"RegressionTest0::test0120",0
"RegressionTest0::test0132",0
"RegressionTest0::test0154",0
"RegressionTest0::test0263",0
"RegressionTest0::test0265",0
"RegressionTest0::test0279",0
"RegressionTest0::test0294",0
"RegressionTest0::test0304",0
"RegressionTest0::test0314",0
"RegressionTest0::test0322",0
"RegressionTest0::test0343",0
"RegressionTest0::test0419",0
"RegressionTest0::test0424",0
"RegressionTest0::test0447",0
"RegressionTest0::test0487",0
"RegressionTest3::test1536",0
"RegressionTest3::test1539",0
"RegressionTest3::test1582",0
"RegressionTest3::test1598",0
"RegressionTest3::test1617",0
"RegressionTest3::test1627",0
"RegressionTest3::test1638",0
"RegressionTest3::test1645",0
"RegressionTest3::test1743",0
"RegressionTest3::test1780",0
"RegressionTest3::test1815",0
"RegressionTest3::test1846",0
"RegressionTest3::test1867",0
"RegressionTest3::test1896",0
"RegressionTest3::test1902",0
"RegressionTest3::test1914",0
"RegressionTest3::test1915",0
"RegressionTest3::test1953",0
"RegressionTest3::test1974",0
"RegressionTest3::test1980",0
"RegressionTest1::test0576",0
"RegressionTest1::test0598",0
"RegressionTest1::test0667",0
"RegressionTest1::test0683",0
"RegressionTest1::test0745",0
"RegressionTest1::test0748",0
"RegressionTest1::test0766",0
"RegressionTest1::test0797",0
"RegressionTest1::test0800",0
"RegressionTest1::test0810",0
"RegressionTest1::test0847",0
"RegressionTest1::test0893",0
"RegressionTest1::test0896",0
"RegressionTest1::test0952",0
"RegressionTest1::test0954",0
"RegressionTest1::test0956",0
"RegressionTest1::test0982",0
"RegressionTest2::test1031",0
"RegressionTest2::test1036",0
"RegressionTest2::test1088",0
"RegressionTest2::test1097",0
"RegressionTest2::test1139",0
"RegressionTest2::test1178",0
"RegressionTest2::test1179",0
"RegressionTest2::test1189",0
"RegressionTest2::test1194",0
"RegressionTest2::test1273",0
"RegressionTest2::test1286",0
"RegressionTest2::test1287",0
"RegressionTest2::test1289",0
"RegressionTest2::test1295",0
"RegressionTest2::test1340",0
"RegressionTest2::test1344",0
"RegressionTest2::test1355",0
"RegressionTest2::test1417",0
"RegressionTest2::test1432",0
"RegressionTest2::test1438",0
"RegressionTest2::test1452",0
"RegressionTest2::test1475",0
"RegressionTest0::test0095",0
"RegressionTest0::test0108",0
"RegressionTest0::test0118",0
"RegressionTest0::test0175",0
"RegressionTest0::test0196",0
"RegressionTest0::test0210",0
"RegressionTest0::test0232",0
"RegressionTest0::test0241",0
"RegressionTest0::test0276",0
"RegressionTest0::test0293",0
"RegressionTest0::test0328",0
"RegressionTest0::test0334",0
"RegressionTest0::test0354",0
"RegressionTest0::test0362",0
"RegressionTest0::test0384",0
"RegressionTest0::test0392",0
"RegressionTest0::test0394",0
"RegressionTest0::test0407",0
"RegressionTest0::test0430",0
"RegressionTest0::test0437",0
"RegressionTest0::test0456",0
"RegressionTest0::test0467",0
"RegressionTest0::test0492",0
"RegressionTest3::test1517",0
"RegressionTest3::test1541",0
"RegressionTest3::test1558",0
"RegressionTest3::test1625",0
"RegressionTest3::test1632",0
"RegressionTest3::test1649",0
"RegressionTest3::test1650",0
"RegressionTest3::test1682",0
"RegressionTest3::test1708",0
"RegressionTest3::test1713",0
"RegressionTest3::test1791",0
"RegressionTest3::test1793",0
"RegressionTest3::test1808",0
"RegressionTest3::test1823",0
"RegressionTest3::test1875",0
"RegressionTest3::test1880",0
"RegressionTest3::test1909",0
"RegressionTest3::test1913",0
"RegressionTest3::test1918",0
"RegressionTest3::test1965",0
"RegressionTest3::test1987",0
"RegressionTest3::test1990",0
"RegressionTest3::test1993",0
"RegressionTest1::test0514",0
"RegressionTest1::test0516",0
"RegressionTest1::test0531",0
"RegressionTest1::test0544",0
"RegressionTest1::test0547",0
"RegressionTest1::test0572",0
"RegressionTest1::test0611",0
"RegressionTest1::test0616",0
"RegressionTest1::test0621",0
"RegressionTest1::test0655",0
"RegressionTest1::test0672",0
"RegressionTest1::test0687",0
"RegressionTest1::test0699",0
"RegressionTest1::test0708",0
"RegressionTest1::test0715",0
"RegressionTest1::test0721",0
"RegressionTest1::test0751",0
"RegressionTest1::test0784",0
"RegressionTest1::test0788",0
"RegressionTest1::test0804",0
"RegressionTest1::test0848",0
"RegressionTest1::test0901",0
"RegressionTest1::test0907",0
"RegressionTest1::test0937",0
"RegressionTest1::test0941",0
"RegressionTest1::test0946",0
"RegressionTest1::test0966",0
"RegressionTest1::test0974",0
"RegressionTest2::test1014",0
"RegressionTest2::test1073",0
"RegressionTest2::test1090",0
"RegressionTest2::test1128",0
"RegressionTest2::test1153",0
"RegressionTest2::test1182",0
"RegressionTest2::test1198",0
"RegressionTest2::test1208",0
"RegressionTest2::test1212",0
"RegressionTest2::test1221",0
"RegressionTest2::test1236",0
"RegressionTest2::test1281",0
"RegressionTest2::test1284",0
"RegressionTest2::test1302",0
"RegressionTest2::test1324",0
"RegressionTest2::test1345",0
"RegressionTest2::test1378",0
"RegressionTest2::test1384",0
"RegressionTest2::test1424",0
"RegressionTest0::test0015",0
"RegressionTest0::test0049",0
"RegressionTest0::test0069",0
"RegressionTest0::test0076",0
"RegressionTest0::test0139",0
"RegressionTest0::test0145",0
"RegressionTest0::test0151",0
"RegressionTest0::test0167",0
"RegressionTest0::test0200",0
"RegressionTest0::test0213",0
"RegressionTest0::test0220",0
"RegressionTest0::test0270",0
"RegressionTest0::test0274",0
"RegressionTest0::test0299",0
"RegressionTest0::test0342",0
"RegressionTest0::test0356",0
"RegressionTest0::test0393",0
"RegressionTest0::test0406",0
"RegressionTest0::test0415",0
"RegressionTest0::test0438",0
"RegressionTest3::test1509",0
"RegressionTest3::test1522",0
"RegressionTest3::test1531",0
"RegressionTest3::test1605",0
"RegressionTest3::test1612",0
"RegressionTest3::test1628",0
"RegressionTest3::test1644",0
"RegressionTest3::test1660",0
"RegressionTest3::test1699",0
"RegressionTest3::test1802",0
"RegressionTest3::test1820",0
"RegressionTest3::test1870",0
"RegressionTest3::test1919",0
"RegressionTest3::test1950",0
"RegressionTest3::test1952",0
"RegressionTest3::test1962",0
"RegressionTest3::test1973",0
"RegressionTest1::test0509",0
"RegressionTest1::test0510",0
"RegressionTest1::test0540",0
"RegressionTest1::test0564",0
"RegressionTest1::test0579",0
"RegressionTest1::test0623",0
"RegressionTest1::test0656",0
"RegressionTest1::test0709",0
"RegressionTest1::test0768",0
"RegressionTest1::test0785",0
"RegressionTest1::test0839",0
"RegressionTest1::test0861",0
"RegressionTest1::test0873",0
"RegressionTest1::test0960",0
"RegressionTest1::test0976",0
"RegressionTest1::test0984",0
"RegressionTest1::test0993",0
"RegressionTest2::test1006",0
"RegressionTest2::test1079",0
"RegressionTest2::test1091",0
"RegressionTest2::test1092",0
"RegressionTest2::test1162",0
"RegressionTest2::test1184",0
"RegressionTest2::test1262",0
"RegressionTest2::test1269",0
"RegressionTest2::test1283",0
"RegressionTest2::test1307",0
"RegressionTest2::test1315",0
"RegressionTest2::test1326",0
"RegressionTest2::test1395",0
"RegressionTest2::test1402",0
"RegressionTest2::test1410",0
"RegressionTest2::test1455",0
"RegressionTest2::test1492",0
"RegressionTest2::test1499",0
"RegressionTest0::test0100",0
"RegressionTest0::test0134",0
"RegressionTest0::test0137",0
"RegressionTest0::test0176",0
"RegressionTest0::test0178",0
"RegressionTest0::test0207",0
"RegressionTest0::test0230",0
"RegressionTest0::test0350",0
"RegressionTest0::test0421",0
"RegressionTest0::test0461",0
"RegressionTest0::test0476",0
"RegressionTest0::test0477",0
"RegressionTest0::test0495",0
"ArrayUtilsRemoveTest::testRemoveElementObjectArray",0
"RegressionTest3::test1534",0
"RegressionTest3::test1544",0
"RegressionTest3::test1566",0
"RegressionTest3::test1622",0
"RegressionTest3::test1646",0
"RegressionTest3::test1647",0
"RegressionTest3::test1698",0
"RegressionTest3::test1706",0
"RegressionTest3::test1724",0
"RegressionTest3::test1725",0
"RegressionTest3::test1729",0
"RegressionTest3::test1778",0
"RegressionTest3::test1790",0
"RegressionTest3::test1798",0
"RegressionTest3::test1849",0
"RegressionTest3::test1966",0
"RegressionTest3::test1992",0
"RegressionTest1::test0546",0
"RegressionTest1::test0561",0
"RegressionTest1::test0565",0
"RegressionTest1::test0578",0
"RegressionTest1::test0590",0
"RegressionTest1::test0650",0
"RegressionTest1::test0658",0
"RegressionTest1::test0729",0
"RegressionTest1::test0734",0
"RegressionTest1::test0737",0
"RegressionTest1::test0739",0
"RegressionTest1::test0749",0
"RegressionTest1::test0752",0
"RegressionTest1::test0765",0
"RegressionTest1::test0773",0
"RegressionTest1::test0795",0
"RegressionTest1::test0859",0
"RegressionTest1::test0860",0
"RegressionTest1::test0863",0
"RegressionTest1::test0879",0
"RegressionTest1::test0906",0
"RegressionTest1::test0909",0
"RegressionTest1::test0913",0
"RegressionTest1::test0917",0
"RegressionTest1::test0924",0
"RegressionTest1::test0929",0
"RegressionTest1::test0951",0
"RegressionTest1::test0994",0
"RegressionTest1::test0996",0
"RegressionTest2::test1048",0
"RegressionTest2::test1062",0
"RegressionTest2::test1082",0
"RegressionTest2::test1098",0
"RegressionTest2::test1105",0
"RegressionTest2::test1154",0
"RegressionTest2::test1171",0
"RegressionTest2::test1180",0
"RegressionTest2::test1183",0
"RegressionTest2::test1238",0
"RegressionTest2::test1246",0
"RegressionTest2::test1356",0
"RegressionTest2::test1381",0
"RegressionTest2::test1383",0
"RegressionTest2::test1386",0
"RegressionTest2::test1394",0
"RegressionTest2::test1445",0
"RegressionTest2::test1449",0
"RegressionTest2::test1496",0
"RegressionTest0::test0068",0
"RegressionTest0::test0087",0
"RegressionTest0::test0097",0
"RegressionTest0::test0125",0
"RegressionTest0::test0149",0
"RegressionTest0::test0166",0
"RegressionTest0::test0181",0
"RegressionTest0::test0183",0
"RegressionTest0::test0212",0
"RegressionTest0::test0221",0
"RegressionTest0::test0234",0
"RegressionTest0::test0257",0
"RegressionTest0::test0275",0
"RegressionTest0::test0278",0
"RegressionTest0::test0283",0
"RegressionTest0::test0291",0
"RegressionTest0::test0303",0
"RegressionTest0::test0316",0
"RegressionTest0::test0331",0
"RegressionTest0::test0366",0
"RegressionTest0::test0368",0
"RegressionTest0::test0369",0
"RegressionTest0::test0380",0
"RegressionTest0::test0382",0
"RegressionTest0::test0411",0
"RegressionTest0::test0412",0
"RegressionTest0::test0413",0
"RegressionTest0::test0417",0
"RegressionTest0::test0433",0
"RegressionTest0::test0435",0
"RegressionTest0::test0440",0
"ArrayUtilsRemoveTest::testRemoveElementBooleanArray",0
"ArrayUtilsRemoveTest::testRemoveElementDoubleArray",0
"ArrayUtilsRemoveTest::testRemoveElementFloatArray",0
"RegressionTest3::test1503",0
"RegressionTest3::test1512",0
"RegressionTest3::test1553",0
"RegressionTest3::test1563",0
"RegressionTest3::test1569",0
"RegressionTest3::test1590",0
"RegressionTest3::test1610",0
"RegressionTest3::test1624",0
"RegressionTest3::test1641",0
"RegressionTest3::test1643",0
"RegressionTest3::test1664",0
"RegressionTest3::test1679",0
"RegressionTest3::test1711",0
"RegressionTest3::test1718",0
"RegressionTest3::test1720",0
"RegressionTest3::test1735",0
"RegressionTest3::test1741",0
"RegressionTest3::test1746",0
"RegressionTest3::test1757",0
"RegressionTest3::test1765",0
"RegressionTest3::test1786",0
"RegressionTest3::test1811",0
"RegressionTest3::test1817",0
"RegressionTest3::test1842",0
"RegressionTest3::test1851",0
"RegressionTest3::test1861",0
"RegressionTest3::test1963",0
"RegressionTest1::test0504",0
"RegressionTest1::test0507",0
"RegressionTest1::test0542",0
"RegressionTest1::test0551",0
"RegressionTest1::test0589",0
"RegressionTest1::test0591",0
"RegressionTest1::test0595",0
"RegressionTest1::test0615",0
"RegressionTest1::test0638",0
"RegressionTest1::test0702",0
"RegressionTest1::test0718",0
"RegressionTest1::test0723",0
"RegressionTest1::test0726",0
"RegressionTest1::test0772",0
"RegressionTest1::test0786",0
"RegressionTest1::test0798",0
"RegressionTest1::test0807",0
"RegressionTest1::test0832",0
"RegressionTest1::test0853",0
"RegressionTest1::test0926",0
"RegressionTest1::test0934",0
"RegressionTest1::test0957",0
"RegressionTest1::test0988",0
"RegressionTest2::test1015",0
"RegressionTest2::test1040",0
"RegressionTest2::test1100",0
"RegressionTest2::test1141",0
"RegressionTest2::test1156",0
"RegressionTest2::test1252",0
"RegressionTest2::test1270",0
"RegressionTest2::test1320",0
"RegressionTest2::test1360",0
"RegressionTest2::test1368",0
"RegressionTest2::test1407",0
"RegressionTest2::test1433",0
"RegressionTest2::test1451",0
"RegressionTest0::test0082",0
"RegressionTest0::test0086",0
"RegressionTest0::test0096",0
"RegressionTest0::test0136",0
"RegressionTest0::test0140",0
"RegressionTest0::test0161",0
"RegressionTest0::test0186",0
"RegressionTest0::test0187",0
"RegressionTest0::test0193",0
"RegressionTest0::test0194",0
"RegressionTest0::test0236",0
"RegressionTest0::test0244",0
"RegressionTest0::test0245",0
"RegressionTest0::test0264",0
"RegressionTest0::test0357",0
"RegressionTest0::test0395",0
"RegressionTest0::test0428",0
"RegressionTest0::test0475",0
"RegressionTest0::test0485",0
"ArrayUtilsRemoveTest::testRemoveElementByteArray",0
"ArrayUtilsRemoveTest::testRemoveElementCharArray",0
"ArrayUtilsRemoveTest::testRemoveElementLongArray",0
"ArrayUtilsRemoveTest::testRemoveElementShortArray",0
"RegressionTest3::test1540",0
"RegressionTest3::test1557",0
"RegressionTest3::test1633",0
"RegressionTest3::test1671",0
"RegressionTest3::test1770",0
"RegressionTest3::test1785",0
"RegressionTest3::test1854",0
"RegressionTest3::test1862",0
"RegressionTest3::test1863",0
"RegressionTest3::test1903",0
"RegressionTest3::test1946",0
"RegressionTest3::test1958",0
"RegressionTest3::test1991",0
"ArrayUtilsTest::testLastIndexOfWithStartIndex",0
"ArrayUtilsTest::testContains",0
"RegressionTest1::test0530",0
"RegressionTest1::test0539",0
"RegressionTest1::test0568",0
"RegressionTest1::test0582",0
"RegressionTest1::test0593",0
"RegressionTest1::test0600",0
"RegressionTest1::test0622",0
"RegressionTest1::test0632",0
"RegressionTest1::test0648",0
"RegressionTest1::test0661",0
"RegressionTest1::test0707",0
"RegressionTest1::test0719",0
"RegressionTest1::test0758",0
"RegressionTest1::test0764",0
"RegressionTest1::test0806",0
"RegressionTest1::test0823",0
"RegressionTest1::test0844",0
"RegressionTest1::test0912",0
"RegressionTest1::test0931",0
"RegressionTest1::test0940",0
"RegressionTest1::test0943",0
"RegressionTest1::test0947",0
"RegressionTest1::test0981",0
"RegressionTest1::test0989",0
"RegressionTest1::test0999",0
"RegressionTest2::test1029",0
"RegressionTest2::test1032",0
"RegressionTest2::test1055",0
"RegressionTest2::test1071",0
"RegressionTest2::test1087",0
"RegressionTest2::test1116",0
"RegressionTest2::test1127",0
"RegressionTest2::test1144",0
"RegressionTest2::test1195",0
"RegressionTest2::test1255",0
"RegressionTest2::test1257",0
"RegressionTest2::test1310",0
"RegressionTest2::test1319",0
"RegressionTest2::test1385",0
"RegressionTest2::test1399",0
"RegressionTest2::test1401",0
"RegressionTest2::test1437",0
"RegressionTest2::test1477",0
"RegressionTest2::test1482",0
"RegressionTest0::test0080",0
"RegressionTest0::test0090",0
"RegressionTest0::test0124",0
"RegressionTest0::test0202",0
"RegressionTest0::test0243",0
"RegressionTest0::test0273",0
"RegressionTest0::test0281",0
"RegressionTest0::test0292",0
"RegressionTest0::test0296",0
"RegressionTest0::test0338",0
"RegressionTest0::test0341",0
"RegressionTest0::test0365",0
"RegressionTest0::test0389",0
"RegressionTest0::test0464",0
"RegressionTest3::test1519",0
"RegressionTest3::test1524",0
"RegressionTest3::test1564",0
"RegressionTest3::test1573",0
"RegressionTest3::test1656",0
"RegressionTest3::test1659",0
"RegressionTest3::test1674",0
"RegressionTest3::test1697",0
"RegressionTest3::test1703",0
"RegressionTest3::test1768",0
"RegressionTest3::test1783",0
"RegressionTest3::test1792",0
"RegressionTest3::test1828",0
"RegressionTest3::test1878",0
"RegressionTest3::test1882",0
"RegressionTest3::test1926",0
"RegressionTest3::test1942",0
"ArrayUtilsTest::testIndexOf",0
"ArrayUtilsTest::testIndexOfWithStartIndex",0
"RegressionTest1::test0560",0
"RegressionTest1::test0602",0
"RegressionTest1::test0604",0
"RegressionTest1::test0629",0
"RegressionTest1::test0645",0
"RegressionTest1::test0668",0
"RegressionTest1::test0669",0
"RegressionTest1::test0694",0
"RegressionTest1::test0812",0
"RegressionTest1::test0826",0
"RegressionTest1::test0830",0
"RegressionTest1::test0885",0
"RegressionTest1::test0891",0
"RegressionTest1::test0904",0
"RegressionTest1::test0908",0
"RegressionTest1::test0992",0
"RegressionTest2::test1034",0
"RegressionTest2::test1050",0
"RegressionTest2::test1083",0
"RegressionTest2::test1117",0
"RegressionTest2::test1164",0
"RegressionTest2::test1205",0
"RegressionTest2::test1218",0
"RegressionTest2::test1237",0
"RegressionTest2::test1288",0
"RegressionTest2::test1294",0
"RegressionTest2::test1350",0
"RegressionTest2::test1371",0
"RegressionTest2::test1382",0
"RegressionTest2::test1481",0
"RegressionTest2::test1498",0
"RegressionTest0::test0023",0
"RegressionTest0::test0032",0
"RegressionTest0::test0033",0
"RegressionTest0::test0036",0
"RegressionTest0::test0050",0
"RegressionTest0::test0059",0
"RegressionTest0::test0079",0
"RegressionTest0::test0180",0
"RegressionTest0::test0190",0
"RegressionTest0::test0211",0
"RegressionTest0::test0223",0
"RegressionTest0::test0226",0
"RegressionTest0::test0235",0
"RegressionTest0::test0280",0
"RegressionTest0::test0282",0
"RegressionTest0::test0307",0
"RegressionTest0::test0311",0
"RegressionTest0::test0319",0
"RegressionTest0::test0402",0
"RegressionTest0::test0463",0
"RegressionTest0::test0483",0
"RegressionTest0::test0489",0
"RegressionTest3::test1502",0
"RegressionTest3::test1511",0
"RegressionTest3::test1551",0
"RegressionTest3::test1554",0
"RegressionTest3::test1562",0
"RegressionTest3::test1630",0
"RegressionTest3::test1696",0
"RegressionTest3::test1702",0
"RegressionTest3::test1716",0
"RegressionTest3::test1766",0
"RegressionTest3::test1812",0
"RegressionTest3::test1822",0
"RegressionTest3::test1865",0
"RegressionTest3::test1866",0
"RegressionTest3::test1871",0
"RegressionTest3::test1877",0
"RegressionTest3::test1885",0
"RegressionTest3::test1887",0
"RegressionTest3::test1964",0
"RegressionTest3::test1976",0
"RegressionTest1::test0503",0
"RegressionTest1::test0520",0
"RegressionTest1::test0522",0
"RegressionTest1::test0523",0
"RegressionTest1::test0541",0
"RegressionTest1::test0550",0
"RegressionTest1::test0567",0
"RegressionTest1::test0585",0
"RegressionTest1::test0633",0
"RegressionTest1::test0640",0
"RegressionTest1::test0652",0
"RegressionTest1::test0654",0
"RegressionTest1::test0662",0
"RegressionTest1::test0716",0
"RegressionTest1::test0722",0
"RegressionTest1::test0727",0
"RegressionTest1::test0753",0
"RegressionTest1::test0824",0
"RegressionTest1::test0842",0
"RegressionTest1::test0864",0
"RegressionTest1::test0868",0
"RegressionTest1::test0869",0
"RegressionTest1::test0898",0
"RegressionTest1::test0936",0
"RegressionTest1::test0958",0
"RegressionTest1::test0961",0
"RegressionTest1::test0963",0
"RegressionTest1::test0969",0
"RegressionTest1::test0972",0
"RegressionTest1::test0973",0
"RegressionTest1::test0998",0
"RegressionTest2::test1059",0
"RegressionTest2::test1066",0
"RegressionTest2::test1076",0
"RegressionTest2::test1121",0
"RegressionTest2::test1124",0
"RegressionTest2::test1138",0
"RegressionTest2::test1148",0
"RegressionTest2::test1250",0
"RegressionTest2::test1325",0
"RegressionTest2::test1341",0
"RegressionTest2::test1362",0
"RegressionTest2::test1411",0
"RegressionTest2::test1439",0
"RegressionTest2::test1448",0
"RegressionTest0::test0027",0
"RegressionTest0::test0029",0
"RegressionTest0::test0030",0
"RegressionTest0::test0071",0
"RegressionTest0::test0129",0
"RegressionTest0::test0133",0
"RegressionTest0::test0155",0
"RegressionTest0::test0189",0
"RegressionTest0::test0237",0
"RegressionTest0::test0255",0
"RegressionTest0::test0271",0
"RegressionTest0::test0306",0
"RegressionTest0::test0333",0
"RegressionTest0::test0367",0
"RegressionTest0::test0376",0
"RegressionTest0::test0388",0
"RegressionTest0::test0401",0
"RegressionTest0::test0416",0
"RegressionTest0::test0418",0
"RegressionTest0::test0425",0
"RegressionTest0::test0451",0
"RegressionTest0::test0478",0
"RegressionTest3::test1556",0
"RegressionTest3::test1559",0
"RegressionTest3::test1581",0
"RegressionTest3::test1587",0
"RegressionTest3::test1593",0
"RegressionTest3::test1596",0
"RegressionTest3::test1668",0
"RegressionTest3::test1686",0
"RegressionTest3::test1730",0
"RegressionTest3::test1771",0
"RegressionTest3::test1839",0
"RegressionTest3::test1857",0
"RegressionTest3::test1911",0
"RegressionTest3::test1933",0
"RegressionTest3::test1934",0
"RegressionTest3::test1972",0
"RegressionTest3::test1989",0
"ArrayUtilsTest::testLastIndexOfDouble",0
"ArrayUtilsTest::testLastIndexOfDoubleTolerance",0
"ArrayUtilsTest::testLastIndexOfDoubleWithStartIndex",0
"ArrayUtilsTest::testLastIndexOfDoubleWithStartIndexTolerance",0
"ArrayUtilsTest::testContainsDouble",0
"ArrayUtilsTest::testContainsDoubleTolerance",0
"ArrayUtilsTest::testLastIndexOfFloat",0
"ArrayUtilsTest::testLastIndexOfFloatWithStartIndex",0
"ArrayUtilsTest::testContainsFloat",0
"ArrayUtilsTest::testLastIndexOfBoolean",0
"ArrayUtilsTest::testLastIndexOfBooleanWithStartIndex",0
"ArrayUtilsTest::testContainsBoolean",0
"ArrayUtilsTest::testToPrimitive_double",0
"RegressionTest1::test0511",0
"RegressionTest1::test0526",0
"RegressionTest1::test0553",0
"RegressionTest1::test0575",0
"RegressionTest1::test0666",0
"RegressionTest1::test0696",0
"RegressionTest1::test0747",0
"RegressionTest1::test0805",0
"RegressionTest1::test0811",0
"RegressionTest1::test0813",0
"RegressionTest1::test0816",0
"RegressionTest1::test0915",0
"RegressionTest1::test0918",0
"RegressionTest1::test0953",0
"RegressionTest1::test0977",0
"RegressionTest2::test1002",0
"RegressionTest2::test1013",0
"RegressionTest2::test1016",0
"RegressionTest2::test1068",0
"RegressionTest2::test1134",0
"RegressionTest2::test1163",0
"RegressionTest2::test1170",0
"RegressionTest2::test1173",0
"RegressionTest2::test1192",0
"RegressionTest2::test1197",0
"RegressionTest2::test1220",0
"RegressionTest2::test1267",0
"RegressionTest2::test1301",0
"RegressionTest2::test1303",0
"RegressionTest2::test1342",0
"RegressionTest2::test1353",0
"RegressionTest2::test1419",0
"RegressionTest2::test1435",0
"RegressionTest2::test1471",0
"RegressionTest0::test0007",0
"RegressionTest0::test0017",0
"RegressionTest0::test0019",0
"RegressionTest0::test0024",0
"RegressionTest0::test0025",0
"RegressionTest0::test0038",0
"RegressionTest0::test0078",0
"RegressionTest0::test0105",0
"RegressionTest0::test0123",0
"RegressionTest0::test0170",0
"RegressionTest0::test0192",0
"RegressionTest0::test0206",0
"RegressionTest0::test0250",0
"RegressionTest0::test0258",0
"RegressionTest0::test0261",0
"RegressionTest0::test0309",0
"RegressionTest0::test0312",0
"RegressionTest0::test0324",0
"RegressionTest0::test0345",0
"RegressionTest0::test0444",0
"RegressionTest0::test0471",0
"RegressionTest0::test0484",0
"RegressionTest0::test0490",0
"RegressionTest3::test1599",0
"RegressionTest3::test1689",0
"RegressionTest3::test1707",0
"RegressionTest3::test1893",0
"RegressionTest3::test1894",0
"RegressionTest3::test1940",0
"ArrayUtilsTest::testToMap",0
"ArrayUtilsTest::testLastIndexOfLong",0
"ArrayUtilsTest::testLastIndexOfLongWithStartIndex",0
"ArrayUtilsTest::testContainsLong",0
"ArrayUtilsTest::testLastIndexOfInt",0
"ArrayUtilsTest::testLastIndexOfIntWithStartIndex",0
"ArrayUtilsTest::testContainsInt",0
"ArrayUtilsTest::testLastIndexOfShort",0
"ArrayUtilsTest::testLastIndexOfShortWithStartIndex",0
"ArrayUtilsTest::testContainsShort",0
"ArrayUtilsTest::testLastIndexOfChar",0
"ArrayUtilsTest::testLastIndexOfCharWithStartIndex",0
"ArrayUtilsTest::testContainsChar",0
"ArrayUtilsTest::testLastIndexOfByte",0
"ArrayUtilsTest::testLastIndexOfByteWithStartIndex",0
"ArrayUtilsTest::testContainsByte",0
"ArrayUtilsTest::testIndexOfDouble",0
"ArrayUtilsTest::testIndexOfDoubleTolerance",0
"ArrayUtilsTest::testIndexOfDoubleWithStartIndex",0
"ArrayUtilsTest::testIndexOfDoubleWithStartIndexTolerance",0
"ArrayUtilsTest::testIndexOfFloat",0
"ArrayUtilsTest::testIndexOfFloatWithStartIndex",0
"ArrayUtilsTest::testIndexOfBoolean",0
"ArrayUtilsTest::testIndexOfBooleanWithStartIndex",0
"ArrayUtilsTest::testToPrimitive_int_int",0
"RegressionTest1::test0505",0
"RegressionTest1::test0533",0
"RegressionTest1::test0588",0
"RegressionTest1::test0620",0
"RegressionTest1::test0634",0
"RegressionTest1::test0677",0
"RegressionTest1::test0717",0
"RegressionTest1::test0828",0
"RegressionTest1::test0833",0
"RegressionTest1::test0939",0
"RegressionTest1::test0971",0
"RegressionTest2::test1044",0
"RegressionTest2::test1120",0
"RegressionTest2::test1137",0
"RegressionTest2::test1169",0
"RegressionTest2::test1292",0
"RegressionTest2::test1457",0
"RegressionTest0::test0011",0
"RegressionTest0::test0061",0
"RegressionTest0::test0094",0
"RegressionTest0::test0103",0
"RegressionTest0::test0110",0
"RegressionTest0::test0146",0
"RegressionTest0::test0156",0
"RegressionTest0::test0159",0
"RegressionTest0::test0172",0
"RegressionTest0::test0204",0
"RegressionTest0::test0229",0
"RegressionTest0::test0233",0
"RegressionTest0::test0269",0
"RegressionTest0::test0300",0
"RegressionTest0::test0321",0
"RegressionTest0::test0414",0
"RegressionTest0::test0443",0
"RegressionTest0::test0460",0
"RegressionTest0::test0472",0
"RegressionTest0::test0493",0
"RegressionTest3::test1673",0
"RegressionTest3::test1830",0
"RegressionTest3::test1876",0
"RegressionTest3::test1889",0
"ArrayUtilsTest::testSubarrayObject",0
"ArrayUtilsTest::testSubarrayLong",0
"ArrayUtilsTest::testSubarrayInt",0
"ArrayUtilsTest::testSubarrayShort",0
"ArrayUtilsTest::testSubarrChar",0
"ArrayUtilsTest::testSubarrayByte",0
"ArrayUtilsTest::testSubarrayDouble",0
"ArrayUtilsTest::testSubarrayFloat",0
"ArrayUtilsTest::testSubarrayBoolean",0
"ArrayUtilsTest::testIndexOfLong",0
"ArrayUtilsTest::testIndexOfLongWithStartIndex",0
"ArrayUtilsTest::testIndexOfInt",0
"ArrayUtilsTest::testIndexOfIntWithStartIndex",0
"ArrayUtilsTest::testIndexOfShort",0
"ArrayUtilsTest::testIndexOfShortWithStartIndex",0
"ArrayUtilsTest::testIndexOfChar",0
"ArrayUtilsTest::testIndexOfCharWithStartIndex",0
"ArrayUtilsTest::testIndexOfByte",0
"ArrayUtilsTest::testIndexOfByteWithStartIndex",0
"ArrayUtilsTest::testToPrimitive_boolean_boolean",0
"ArrayUtilsTest::testToObject_boolean",0
"ArrayUtilsTest::testToPrimitive_char_char",0
"ArrayUtilsTest::testToPrimitive_byte_byte",0
"ArrayUtilsTest::testToPrimitive_short_short",0
"ArrayUtilsTest::testToPrimitive_long_long",0
"ArrayUtilsTest::testToPrimitive_float_float",0
"ArrayUtilsTest::testToPrimitive_double_double",0
"RegressionTest1::test0508",0
"RegressionTest1::test0512",0
"RegressionTest1::test0528",0
"RegressionTest1::test0529",0
"RegressionTest1::test0537",0
"RegressionTest1::test0556",0
"RegressionTest1::test0627",0
"RegressionTest1::test0664",0
"RegressionTest1::test0673",0
"RegressionTest1::test0692",0
"RegressionTest1::test0698",0
"RegressionTest1::test0774",0
"RegressionTest1::test0803",0
"RegressionTest1::test0831",0
"RegressionTest1::test0837",0
"RegressionTest1::test0923",0
"RegressionTest1::test0949",0
"RegressionTest1::test0978",0
"RegressionTest2::test1010",0
"RegressionTest2::test1084",0
"RegressionTest2::test1119",0
"RegressionTest2::test1199",0
"RegressionTest2::test1256",0
"RegressionTest2::test1268",0
"RegressionTest2::test1293",0
"RegressionTest2::test1364",0
"RegressionTest2::test1373",0
"RegressionTest2::test1392",0
"RegressionTest0::test0010",0
"RegressionTest0::test0022",0
"RegressionTest0::test0035",0
"RegressionTest0::test0045",0
"RegressionTest0::test0051",0
"RegressionTest0::test0058",0
"RegressionTest0::test0067",0
"RegressionTest0::test0101",0
"RegressionTest0::test0152",0
"RegressionTest0::test0160",0
"RegressionTest0::test0227",0
"RegressionTest0::test0239",0
"RegressionTest0::test0288",0
"RegressionTest0::test0297",0
"RegressionTest0::test0397",0
"RegressionTest0::test0449",0
"RegressionTest0::test0480",0
"ArrayUtilsRemoveTest::testRemoveObjectArray",0
"ArrayUtilsRemoveTest::testRemoveNumberArray",0
"ArrayUtilsRemoveTest::testRemoveBooleanArray",0
"ArrayUtilsRemoveTest::testRemoveByteArray",0
"ArrayUtilsRemoveTest::testRemoveCharArray",0
"ArrayUtilsRemoveTest::testRemoveDoubleArray",0
"ArrayUtilsRemoveTest::testRemoveFloatArray",0
"ArrayUtilsRemoveTest::testRemoveIntArray",0
"ArrayUtilsRemoveTest::testRemoveLongArray",0
"ArrayUtilsRemoveTest::testRemoveShortArray",0
"RegressionTest3::test1529",0
"RegressionTest3::test1532",0
"RegressionTest3::test1552",0
"RegressionTest3::test1677",0
"RegressionTest3::test1695",0
"RegressionTest3::test1761",0
"RegressionTest3::test1850",0
"RegressionTest3::test1855",0
"RegressionTest3::test1890",0
"RegressionTest3::test1988",0
"ArrayUtilsTest::testToPrimitive_boolean",0
"ArrayUtilsTest::testToPrimitive_char",0
"ArrayUtilsTest::testToObject_char",0
"ArrayUtilsTest::testToPrimitive_byte",0
"ArrayUtilsTest::testToObject_byte",0
"ArrayUtilsTest::testToPrimitive_short",0
"ArrayUtilsTest::testToObject_short",0
"ArrayUtilsTest::testToPrimitive_int",0
"ArrayUtilsTest::testToObject_int",0
"ArrayUtilsTest::testToObject_long",0
"ArrayUtilsTest::testToPrimitive_float",0
"ArrayUtilsTest::testToObject_float",0
"ArrayUtilsTest::testToObject_double",0
"RegressionTest1::test0536",0
"RegressionTest1::test0573",0
"RegressionTest1::test0641",0
"RegressionTest1::test0743",0
"RegressionTest1::test0796",0
"RegressionTest1::test0829",0
"RegressionTest1::test0851",0
"RegressionTest1::test0872",0
"RegressionTest1::test0889",0
"RegressionTest1::test0968",0
"RegressionTest1::test0985",0
"RegressionTest2::test1005",0
"RegressionTest2::test1026",0
"RegressionTest2::test1052",0
"RegressionTest2::test1060",0
"RegressionTest2::test1204",0
"RegressionTest2::test1223",0
"RegressionTest2::test1299",0
"RegressionTest2::test1311",0
"RegressionTest2::test1316",0
"RegressionTest2::test1334",0
"RegressionTest2::test1343",0
"RegressionTest2::test1359",0
"RegressionTest2::test1374",0
"RegressionTest2::test1376",0
"RegressionTest2::test1474",0
"RegressionTest0::test0014",0
"RegressionTest0::test0016",0
"RegressionTest0::test0020",0
"RegressionTest0::test0043",0
"RegressionTest0::test0056",0
"RegressionTest0::test0062",0
"RegressionTest0::test0064",0
"RegressionTest0::test0091",0
"RegressionTest0::test0092",0
"RegressionTest0::test0107",0
"RegressionTest0::test0115",0
"RegressionTest0::test0121",0
"RegressionTest0::test0130",0
"RegressionTest0::test0148",0
"RegressionTest0::test0173",0
"RegressionTest0::test0197",0
"RegressionTest0::test0208",0
"RegressionTest0::test0231",0
"RegressionTest0::test0238",0
"RegressionTest0::test0262",0
"RegressionTest0::test0298",0
"RegressionTest0::test0305",0
"RegressionTest0::test0325",0
"RegressionTest0::test0348",0
"RegressionTest0::test0361",0
"RegressionTest0::test0381",0
"RegressionTest0::test0391",0
"RegressionTest0::test0398",0
"RegressionTest0::test0409",0
"RegressionTest0::test0422",0
"RegressionTest0::test0426",0
"RegressionTest0::test0441",0
"RegressionTest3::test1515",0
"RegressionTest3::test1527",0
"RegressionTest3::test1543",0
"RegressionTest3::test1584",0
"RegressionTest3::test1600",0
"RegressionTest3::test1607",0
"RegressionTest3::test1611",0
"RegressionTest3::test1648",0
"RegressionTest3::test1672",0
"RegressionTest3::test1675",0
"RegressionTest3::test1709",0
"RegressionTest3::test1745",0
"RegressionTest3::test1750",0
"RegressionTest3::test1775",0
"RegressionTest3::test1806",0
"RegressionTest3::test1813",0
"RegressionTest3::test1859",0
"RegressionTest3::test1869",0
"RegressionTest3::test1883",0
"RegressionTest3::test1897",0
"RegressionTest3::test1907",0
"RegressionTest3::test1908",0
"RegressionTest3::test1912",0
"RegressionTest3::test1929",0
"RegressionTest3::test1932",0
"RegressionTest3::test1951",0
"RegressionTest3::test1956",0
"RegressionTest3::test1961",0
"RegressionTest3::test1981",0
"RegressionTest3::test1982",0
"ArrayUtilsTest::testReverse",0
"ArrayUtilsTest::testReverseLong",0
"ArrayUtilsTest::testReverseInt",0
"ArrayUtilsTest::testReverseShort",0
"ArrayUtilsTest::testReverseChar",0
"ArrayUtilsTest::testReverseByte",0
"ArrayUtilsTest::testReverseDouble",0
"ArrayUtilsTest::testReverseFloat",0
"ArrayUtilsTest::testReverseBoolean",0
"RegressionTest1::test0501",0
"RegressionTest1::test0518",0
"RegressionTest1::test0525",0
"RegressionTest1::test0557",0
"RegressionTest1::test0580",0
"RegressionTest1::test0581",0
"RegressionTest1::test0594",0
"RegressionTest1::test0607",0
"RegressionTest1::test0625",0
"RegressionTest1::test0631",0
"RegressionTest1::test0635",0
"RegressionTest1::test0646",0
"RegressionTest1::test0649",0
"RegressionTest1::test0659",0
"RegressionTest1::test0670",0
"RegressionTest1::test0684",0
"RegressionTest1::test0710",0
"RegressionTest1::test0732",0
"RegressionTest1::test0750",0
"RegressionTest1::test0778",0
"RegressionTest1::test0801",0
"RegressionTest1::test0808",0
"RegressionTest1::test0817",0
"RegressionTest1::test0825",0
"RegressionTest1::test0890",0
"RegressionTest1::test0894",0
"RegressionTest1::test0905",0
"RegressionTest1::test0920",0
"RegressionTest1::test0950",0
"RegressionTest1::test0987",0
"RegressionTest2::test1043",0
"RegressionTest2::test1045",0
"RegressionTest2::test1057",0
"RegressionTest2::test1075",0
"RegressionTest2::test1122",0
"RegressionTest2::test1136",0
"RegressionTest2::test1155",0
"RegressionTest2::test1159",0
"RegressionTest2::test1174",0
"RegressionTest2::test1181",0
"RegressionTest2::test1200",0
"RegressionTest2::test1225",0
"RegressionTest2::test1230",0
"RegressionTest2::test1233",0
"RegressionTest2::test1249",0
"RegressionTest2::test1259",0
"RegressionTest2::test1276",0
"RegressionTest2::test1296",0
"RegressionTest2::test1308",0
"RegressionTest2::test1352",0
"RegressionTest2::test1389",0
"RegressionTest2::test1400",0
"RegressionTest2::test1403",0
"RegressionTest2::test1462",0
"RegressionTest2::test1466",0
"RegressionTest2::test1467",0
"RegressionTest2::test1483",0
"RegressionTest2::test1486",0
"RegressionTest0::test0001",0
"RegressionTest0::test0003",0
"RegressionTest0::test0006",0
"RegressionTest0::test0026",0
"RegressionTest0::test0044",0
"RegressionTest0::test0046",0
"RegressionTest0::test0047",0
"RegressionTest0::test0052",0
"RegressionTest0::test0060",0
"RegressionTest0::test0065",0
"RegressionTest0::test0072",0
"RegressionTest0::test0075",0
"RegressionTest0::test0089",0
"RegressionTest0::test0098",0
"RegressionTest0::test0104",0
"RegressionTest0::test0106",0
"RegressionTest0::test0111",0
"RegressionTest0::test0113",0
"RegressionTest0::test0114",0
"RegressionTest0::test0126",0
"RegressionTest0::test0135",0
"RegressionTest0::test0188",0
"RegressionTest0::test0191",0
"RegressionTest0::test0195",0
"RegressionTest0::test0218",0
"RegressionTest0::test0222",0
"RegressionTest0::test0225",0
"RegressionTest0::test0228",0
"RegressionTest0::test0240",0
"RegressionTest0::test0246",0
"RegressionTest0::test0251",0
"RegressionTest0::test0260",0
"RegressionTest0::test0285",0
"RegressionTest0::test0286",0
"RegressionTest0::test0287",0
"RegressionTest0::test0295",0
"RegressionTest0::test0301",0
"RegressionTest0::test0308",0
"RegressionTest0::test0327",0
"RegressionTest0::test0329",0
"RegressionTest0::test0337",0
"RegressionTest0::test0344",0
"RegressionTest0::test0351",0
"RegressionTest0::test0358",0
"RegressionTest0::test0364",0
"RegressionTest0::test0372",0
"RegressionTest0::test0377",0
"RegressionTest0::test0383",0
"RegressionTest0::test0385",0
"RegressionTest0::test0387",0
"RegressionTest0::test0420",0
"RegressionTest0::test0459",0
"RegressionTest0::test0465",0
"RegressionTest0::test0469",0
"RegressionTest0::test0491",0
"ArrayUtilsAddTest::testAddObjectArrayBoolean",0
"ArrayUtilsAddTest::testAddObjectArrayByte",0
"ArrayUtilsAddTest::testAddObjectArrayChar",0
"ArrayUtilsAddTest::testAddObjectArrayDouble",0
"ArrayUtilsAddTest::testAddObjectArrayFloat",0
"ArrayUtilsAddTest::testAddObjectArrayInt",0
"ArrayUtilsAddTest::testAddObjectArrayLong",0
"ArrayUtilsAddTest::testAddObjectArrayShort",0
"RegressionTest3::test1546",0
"RegressionTest3::test1565",0
"RegressionTest3::test1594",0
"RegressionTest3::test1595",0
"RegressionTest3::test1619",0
"RegressionTest3::test1635",0
"RegressionTest3::test1662",0
"RegressionTest3::test1687",0
"RegressionTest3::test1710",0
"RegressionTest3::test1721",0
"RegressionTest3::test1726",0
"RegressionTest3::test1744",0
"RegressionTest3::test1767",0
"RegressionTest3::test1781",0
"RegressionTest3::test1795",0
"RegressionTest3::test1809",0
"RegressionTest3::test1899",0
"RegressionTest3::test1936",0
"RegressionTest3::test1943",0
"RegressionTest3::test1954",0
"RegressionTest3::test1986",0
"ArrayUtilsTest::testToString",0
"ArrayUtilsTest::testClone",0
"ArrayUtilsTest::testCloneBoolean",0
"ArrayUtilsTest::testCloneLong",0
"ArrayUtilsTest::testCloneInt",0
"ArrayUtilsTest::testCloneShort",0
"ArrayUtilsTest::testCloneChar",0
"ArrayUtilsTest::testCloneByte",0
"ArrayUtilsTest::testCloneDouble",0
"ArrayUtilsTest::testCloneFloat",0
"ArrayUtilsTest::testSameLength",0
"ArrayUtilsTest::testSameLengthBoolean",0
"ArrayUtilsTest::testSameLengthLong",0
"ArrayUtilsTest::testSameLengthInt",0
"ArrayUtilsTest::testSameLengthShort",0
"ArrayUtilsTest::testSameLengthChar",0
"ArrayUtilsTest::testSameLengthByte",0
"ArrayUtilsTest::testSameLengthDouble",0
"ArrayUtilsTest::testSameLengthFloat",0
"ArrayUtilsTest::testSameType",0
"ArrayUtilsTest::testToPrimitive_intNull",0
"ArrayUtilsTest::testIsEmptyObject",0
"ArrayUtilsTest::testGetLength",0
"RegressionTest1::test0515",0
"RegressionTest1::test0519",0
"RegressionTest1::test0527",0
"RegressionTest1::test0534",0
"RegressionTest1::test0535",0
"RegressionTest1::test0538",0
"RegressionTest1::test0545",0
"RegressionTest1::test0549",0
"RegressionTest1::test0559",0
"RegressionTest1::test0569",0
"RegressionTest1::test0571",0
"RegressionTest1::test0583",0
"RegressionTest1::test0599",0
"RegressionTest1::test0608",0
"RegressionTest1::test0610",0
"RegressionTest1::test0612",0
"RegressionTest1::test0637",0
"RegressionTest1::test0657",0
"RegressionTest1::test0660",0
"RegressionTest1::test0665",0
"RegressionTest1::test0671",0
"RegressionTest1::test0674",0
"RegressionTest1::test0675",0
"RegressionTest1::test0678",0
"RegressionTest1::test0680",0
"RegressionTest1::test0688",0
"RegressionTest1::test0689",0
"RegressionTest1::test0697",0
"RegressionTest1::test0704",0
"RegressionTest1::test0706",0
"RegressionTest1::test0714",0
"RegressionTest1::test0741",0
"RegressionTest1::test0760",0
"RegressionTest1::test0789",0
"RegressionTest1::test0818",0
"RegressionTest1::test0834",0
"RegressionTest1::test0850",0
"RegressionTest1::test0870",0
"RegressionTest1::test0871",0
"RegressionTest1::test0874",0
"RegressionTest1::test0921",0
"RegressionTest1::test0955",0
"RegressionTest1::test0979",0
"RegressionTest1::test1000",0
"RegressionTest2::test1007",0
"RegressionTest2::test1023",0
"RegressionTest2::test1033",0
"RegressionTest2::test1056",0
"RegressionTest2::test1070",0
"RegressionTest2::test1074",0
"RegressionTest2::test1093",0
"RegressionTest2::test1101",0
"RegressionTest2::test1104",0
"RegressionTest2::test1109",0
"RegressionTest2::test1126",0
"RegressionTest2::test1129",0
"RegressionTest2::test1133",0
"RegressionTest2::test1167",0
"RegressionTest2::test1177",0
"RegressionTest2::test1219",0
"RegressionTest2::test1258",0
"RegressionTest2::test1280",0
"RegressionTest2::test1297",0
"RegressionTest2::test1313",0
"RegressionTest2::test1322",0
"RegressionTest2::test1328",0
"RegressionTest2::test1337",0
"RegressionTest2::test1354",0
"RegressionTest2::test1372",0
"RegressionTest2::test1390",0
"RegressionTest2::test1426",0
"RegressionTest2::test1434",0
"RegressionTest2::test1465",0
"RegressionTest2::test1476",0
"RegressionTest0::test0002",0
"RegressionTest0::test0004",0
"RegressionTest0::test0005",0
"RegressionTest0::test0008",0
"RegressionTest0::test0009",0
"RegressionTest0::test0012",0
"RegressionTest0::test0013",0
"RegressionTest0::test0018",0
"RegressionTest0::test0021",0
"RegressionTest0::test0028",0
"RegressionTest0::test0031",0
"RegressionTest0::test0034",0
"RegressionTest0::test0037",0
"RegressionTest0::test0039",0
"RegressionTest0::test0041",0
"RegressionTest0::test0042",0
"RegressionTest0::test0048",0
"RegressionTest0::test0053",0
"RegressionTest0::test0054",0
"RegressionTest0::test0057",0
"RegressionTest0::test0063",0
"RegressionTest0::test0066",0
"RegressionTest0::test0073",0
"RegressionTest0::test0083",0
"RegressionTest0::test0084",0
"RegressionTest0::test0093",0
"RegressionTest0::test0099",0
"RegressionTest0::test0109",0
"RegressionTest0::test0119",0
"RegressionTest0::test0122",0
"RegressionTest0::test0127",0
"RegressionTest0::test0128",0
"RegressionTest0::test0131",0
"RegressionTest0::test0138",0
"RegressionTest0::test0143",0
"RegressionTest0::test0150",0
"RegressionTest0::test0153",0
"RegressionTest0::test0163",0
"RegressionTest0::test0164",0
"RegressionTest0::test0168",0
"RegressionTest0::test0169",0
"RegressionTest0::test0171",0
"RegressionTest0::test0182",0
"RegressionTest0::test0198",0
"RegressionTest0::test0199",0
"RegressionTest0::test0201",0
"RegressionTest0::test0205",0
"RegressionTest0::test0209",0
"RegressionTest0::test0214",0
"RegressionTest0::test0216",0
"RegressionTest0::test0217",0
"RegressionTest0::test0224",0
"RegressionTest0::test0248",0
"RegressionTest0::test0249",0
"RegressionTest0::test0252",0
"RegressionTest0::test0267",0
"RegressionTest0::test0268",0
"RegressionTest0::test0277",0
"RegressionTest0::test0284",0
"RegressionTest0::test0290",0
"RegressionTest0::test0340",0
"RegressionTest0::test0347",0
"RegressionTest0::test0349",0
"RegressionTest0::test0353",0
"RegressionTest0::test0373",0
"RegressionTest0::test0375",0
"RegressionTest0::test0378",0
"RegressionTest0::test0386",0
"RegressionTest0::test0429",0
"RegressionTest0::test0442",0
"RegressionTest0::test0455",0
"RegressionTest0::test0468",0
"RegressionTest0::test0470",0
"RegressionTest0::test0473",0
"ArrayUtilsAddTest::testAddObjectArrayObject",0
"ArrayUtilsAddTest::testAddObjectAtIndex",0
"ArrayUtilsTest::testConstructor",0
"ArrayUtilsTest::testIsEquals",0
"ArrayUtilsTest::testArrayCreation",0
"ArrayUtilsTest::testArrayCreationWithGeneralReturnType",0
"ArrayUtilsTest::testArrayCreationWithDifferentTypes",0
"ArrayUtilsTest::testIndirectArrayCreation",0
"ArrayUtilsTest::testEmptyArrayCreation",0
"ArrayUtilsTest::testIndirectEmptyArrayCreation",0
"RegressionTest1::test0733",0
"RegressionTest1::test0740",0
"RegressionTest0::test0165",0
"RegressionTest0::test0370",0
